<?xml version="1.0"?>
<root xmlns="urn:schemas-upnp-org:device-1-0">
    <specVersion>
        <major>1</major>
        <minor>0</minor>
    </specVersion>
    <device>
        <deviceType>urn:schemas-upnp-org:device:BleGateway:0.1</deviceType>
        <friendlyName></friendlyName>
        <manufacturer></manufacturer>
        <manufacturerURL></manufacturerURL>
        <modelDescription></modelDescription>
        <modelName></modelName>
        <modelNumber></modelNumber>
        <modelURL></modelURL>
        <serialNumber></serialNumber>
        <UDN></UDN>
        <UPC></UPC>
        <serviceList>
            <service>
                <serviceType>urn:schemas-upnp-org:service:BleOperation:0.1</serviceType>
                <serviceId>urn:upnp-org:serviceId:BleOperation</serviceId>
                <SCPDURL>/BleOperation.xml</SCPDURL>
                <controlURL></controlURL>
                <eventSubURL></eventSubURL>
            </service>
        </serviceList>
        <deviceList></deviceList>
        <presentationURL></presentationURL>
    </device>
</root>
